2025-07-21T04:49:42.042691Z,https://dark-store.streamlit.app/,200,993,
2025-07-21T04:49:42.226367Z,https://ghost.onrender.com,404,184,
2025-07-21T05:34:11.197193Z,https://reconx.streamlit.app,200,1097,
2025-07-21T05:34:12.371789Z,https://expensemate.streamlit.app/,200,1174,
2025-07-21T05:34:13.616965Z,https://dark-store.streamlit.app/,200,1245,
2025-07-21T05:34:13.812474Z,https://ghost.onrender.com,404,195,
2025-07-21T05:57:37.612857Z,https://reconx.streamlit.app,200,1136,
2025-07-21T05:57:38.566138Z,https://expensemate.streamlit.app/,200,953,
2025-07-21T05:57:39.581640Z,https://dark-store.streamlit.app/,200,1015,
2025-07-21T05:57:39.719793Z,https://ghost.onrender.com,404,138,
2025-07-21T06:45:21.987714Z,https://reconx.streamlit.app,200,1263,
2025-07-21T06:45:23.042689Z,https://expensemate.streamlit.app/,200,1055,
2025-07-21T06:45:24.107521Z,https://dark-store.streamlit.app/,200,1065,
2025-07-21T06:45:24.257557Z,https://ghost.onrender.com,404,150,
2025-07-21T07:34:13.416200Z,https://reconx.streamlit.app,200,1232,
2025-07-21T07:34:14.674292Z,https://expensemate.streamlit.app/,200,1258,
2025-07-21T07:34:16.005578Z,https://dark-store.streamlit.app/,200,1331,
2025-07-21T07:34:16.149951Z,https://ghost.onrender.com,404,144,
2025-07-21T07:56:33.186659Z,https://reconx.streamlit.app,200,1144,
2025-07-21T07:56:34.437981Z,https://expensemate.streamlit.app/,200,1251,
2025-07-21T07:56:35.616520Z,https://dark-store.streamlit.app/,200,1178,
2025-07-21T07:56:35.753037Z,https://ghost.onrender.com,404,136,
2025-07-21T08:41:39.856375Z,https://reconx.streamlit.app,200,1219,
2025-07-21T08:41:41.068779Z,https://expensemate.streamlit.app/,200,1212,
2025-07-21T08:41:42.127855Z,https://dark-store.streamlit.app/,200,1059,
2025-07-21T08:41:42.284331Z,https://ghost.onrender.com,404,156,
2025-07-21T09:13:54.748501Z,https://reconx.streamlit.app,200,1254,
2025-07-21T09:13:55.717836Z,https://expensemate.streamlit.app/,200,969,
2025-07-21T09:13:56.761811Z,https://dark-store.streamlit.app/,200,1044,
2025-07-21T09:13:56.937501Z,https://ghost.onrender.com,404,176,
2025-07-21T09:45:55.396738Z,https://reconx.streamlit.app,200,1152,
2025-07-21T09:45:56.581449Z,https://expensemate.streamlit.app/,200,1185,
2025-07-21T09:45:57.717775Z,https://dark-store.streamlit.app/,200,1136,
2025-07-21T09:45:57.969422Z,https://ghost.onrender.com,404,252,
2025-07-21T10:31:44.922914Z,https://reconx.streamlit.app,200,1061,
2025-07-21T10:31:45.847789Z,https://expensemate.streamlit.app/,200,925,
2025-07-21T10:31:46.714176Z,https://dark-store.streamlit.app/,200,866,
2025-07-21T10:31:46.842037Z,https://ghost.onrender.com,404,128,
2025-07-21T10:58:14.527661Z,https://reconx.streamlit.app,200,1339,
2025-07-21T10:58:15.452386Z,https://expensemate.streamlit.app/,200,925,
2025-07-21T10:58:16.638647Z,https://dark-store.streamlit.app/,200,1186,
2025-07-21T10:58:16.809604Z,https://ghost.onrender.com,404,171,
2025-07-21T11:26:58.375985Z,https://reconx.streamlit.app,200,1226,
2025-07-21T11:26:59.625564Z,https://expensemate.streamlit.app/,200,1249,
2025-07-21T11:27:00.960305Z,https://dark-store.streamlit.app/,200,1335,
2025-07-21T11:27:01.111179Z,https://ghost.onrender.com,404,151,
2025-07-21T11:45:46.648223Z,https://reconx.streamlit.app,200,1271,
2025-07-21T11:45:47.631808Z,https://expensemate.streamlit.app/,200,983,
2025-07-21T11:45:48.777347Z,https://dark-store.streamlit.app/,200,1145,
2025-07-21T11:45:48.974573Z,https://ghost.onrender.com,404,197,
2025-07-21T12:58:45.869429Z,https://reconx.streamlit.app,200,996,
2025-07-21T12:58:46.864284Z,https://expensemate.streamlit.app/,200,995,
2025-07-21T12:58:47.989748Z,https://dark-store.streamlit.app/,200,1125,
2025-07-21T12:58:48.187237Z,https://ghost.onrender.com,404,197,
2025-07-21T13:47:16.118303Z,https://reconx.streamlit.app,200,2272,
2025-07-21T13:47:17.231247Z,https://expensemate.streamlit.app/,200,1113,
2025-07-21T13:47:18.421085Z,https://dark-store.streamlit.app/,200,1190,
2025-07-21T13:47:18.570775Z,https://ghost.onrender.com,404,150,
2025-07-21T14:29:45.257493Z,https://reconx.streamlit.app,200,1024,
2025-07-21T14:29:46.459450Z,https://expensemate.streamlit.app/,200,1202,
2025-07-21T14:29:47.369372Z,https://dark-store.streamlit.app/,200,910,
2025-07-21T14:29:47.569368Z,https://ghost.onrender.com,404,200,
2025-07-21T14:53:16.559651Z,https://reconx.streamlit.app,200,1047,
2025-07-21T14:53:17.644457Z,https://expensemate.streamlit.app/,200,1085,
2025-07-21T14:53:18.716055Z,https://dark-store.streamlit.app/,200,1071,
2025-07-21T14:53:18.897410Z,https://ghost.onrender.com,404,181,
2025-07-21T15:30:27.687126Z,https://reconx.streamlit.app,200,1206,
2025-07-21T15:30:28.857151Z,https://expensemate.streamlit.app/,200,1170,
2025-07-21T15:30:30.052781Z,https://dark-store.streamlit.app/,200,1196,
2025-07-21T15:30:30.185942Z,https://ghost.onrender.com,404,133,
2025-07-21T15:57:12.970927Z,https://reconx.streamlit.app,200,1046,
2025-07-21T15:57:14.104152Z,https://expensemate.streamlit.app/,200,1133,
2025-07-21T15:57:15.064961Z,https://dark-store.streamlit.app/,200,961,
2025-07-21T15:57:15.202855Z,https://ghost.onrender.com,404,138,
2025-07-21T16:37:18.123066Z,https://reconx.streamlit.app,200,1306,
2025-07-21T16:37:19.217756Z,https://expensemate.streamlit.app/,200,1095,
2025-07-21T16:37:20.351685Z,https://dark-store.streamlit.app/,200,1134,
2025-07-21T16:37:20.748314Z,https://ghost.onrender.com,404,397,
2025-07-21T17:00:42.936353Z,https://reconx.streamlit.app,200,1278,
2025-07-21T17:00:44.301053Z,https://expensemate.streamlit.app/,200,1365,
2025-07-21T17:00:45.205348Z,https://dark-store.streamlit.app/,200,904,
2025-07-21T17:00:45.389814Z,https://ghost.onrender.com,404,184,
2025-07-21T17:39:45.855300Z,https://reconx.streamlit.app,200,1178,
2025-07-21T17:39:46.968888Z,https://expensemate.streamlit.app/,200,1113,
2025-07-21T17:39:47.973858Z,https://dark-store.streamlit.app/,200,1005,
2025-07-21T17:39:48.110419Z,https://ghost.onrender.com,404,136,
2025-07-21T17:55:17.166444Z,https://reconx.streamlit.app,200,1050,
2025-07-21T17:55:18.308740Z,https://expensemate.streamlit.app/,200,1142,
2025-07-21T17:55:19.394036Z,https://dark-store.streamlit.app/,200,1085,
2025-07-22T02:21:30.030775Z,https://reconx.streamlit.app,200,1429,
2025-07-22T02:21:31.112700Z,https://expensemate.streamlit.app/,200,1082,
2025-07-22T02:21:32.264374Z,https://dark-store.streamlit.app/,200,1152,
2025-07-22T02:21:32.496131Z,https://ghost.onrender.com,404,232,
2025-07-22T03:48:02.719666Z,https://reconx.streamlit.app,200,1166,
2025-07-22T03:48:03.861181Z,https://expensemate.streamlit.app/,200,1141,
2025-07-22T03:48:05.078733Z,https://dark-store.streamlit.app/,200,1217,
2025-07-22T03:48:05.306806Z,https://ghost.onrender.com,404,228,
2025-07-22T04:43:51.367045Z,https://reconx.streamlit.app,200,1317,
2025-07-22T04:43:52.468627Z,https://expensemate.streamlit.app/,200,1101,
2025-07-22T04:43:53.472112Z,https://dark-store.streamlit.app/,200,1003,
2025-07-22T04:43:53.683571Z,https://ghost.onrender.com,404,211,
2025-07-22T05:14:09.504488Z,https://reconx.streamlit.app,200,1301,
2025-07-22T05:14:10.639203Z,https://expensemate.streamlit.app/,200,1135,
2025-07-22T05:14:11.945880Z,https://dark-store.streamlit.app/,200,1307,
2025-07-22T05:14:12.118659Z,https://ghost.onrender.com,404,173,
2025-07-22T05:44:49.549241Z,https://reconx.streamlit.app,200,949,
2025-07-22T05:44:50.784028Z,https://expensemate.streamlit.app/,200,1235,
2025-07-22T05:44:51.898781Z,https://dark-store.streamlit.app/,200,1115,
2025-07-22T05:44:52.055837Z,https://ghost.onrender.com,404,157,
2025-07-22T05:58:41.465796Z,https://reconx.streamlit.app,200,1128,
2025-07-22T05:58:42.413450Z,https://expensemate.streamlit.app/,200,948,
2025-07-22T05:58:43.490076Z,https://dark-store.streamlit.app/,200,1076,
2025-07-22T05:58:43.795905Z,https://ghost.onrender.com,404,306,
2025-07-22T06:45:45.235851Z,https://reconx.streamlit.app,200,1173,
2025-07-22T06:45:46.272664Z,https://expensemate.streamlit.app/,200,1037,
2025-07-22T06:45:47.536007Z,https://dark-store.streamlit.app/,200,1263,
2025-07-22T06:45:47.675656Z,https://ghost.onrender.com,404,140,
2025-07-22T07:28:50.823011Z,https://reconx.streamlit.app,200,1043,
2025-07-22T07:28:51.981655Z,https://expensemate.streamlit.app/,200,1158,
2025-07-22T07:28:52.988257Z,https://dark-store.streamlit.app/,200,1006,
2025-07-22T07:28:53.325967Z,https://ghost.onrender.com,404,338,
2025-07-22T07:47:01.562306Z,https://reconx.streamlit.app,200,1479,
2025-07-22T07:47:02.793185Z,https://expensemate.streamlit.app/,200,1231,
2025-07-22T07:47:04.877096Z,https://dark-store.streamlit.app/,200,2084,
2025-07-22T07:47:05.064342Z,https://ghost.onrender.com,404,187,
2025-07-22T08:37:45.991060Z,https://reconx.streamlit.app,200,1049,
2025-07-22T08:37:47.065980Z,https://expensemate.streamlit.app/,200,1075,
2025-07-22T08:37:48.129845Z,https://dark-store.streamlit.app/,200,1064,
2025-07-22T08:37:48.305004Z,https://ghost.onrender.com,404,175,
2025-07-22T09:02:05.782198Z,https://reconx.streamlit.app,200,995,
2025-07-22T09:02:06.636558Z,https://expensemate.streamlit.app/,200,854,
2025-07-22T09:02:07.573296Z,https://dark-store.streamlit.app/,200,937,
2025-07-22T09:02:07.701153Z,https://ghost.onrender.com,404,128,
2025-07-22T09:41:47.491833Z,https://reconx.streamlit.app,200,1035,
2025-07-22T09:41:48.469218Z,https://expensemate.streamlit.app/,200,977,
2025-07-22T09:41:49.539421Z,https://dark-store.streamlit.app/,200,1070,
2025-07-22T09:41:49.810618Z,https://ghost.onrender.com,404,271,
2025-07-22T09:57:05.099311Z,https://reconx.streamlit.app,200,1227,
2025-07-22T09:57:06.084147Z,https://expensemate.streamlit.app/,200,985,
2025-07-22T09:57:07.046898Z,https://dark-store.streamlit.app/,200,963,
2025-07-22T09:57:07.347618Z,https://ghost.onrender.com,404,301,
2025-07-22T10:33:31.128292Z,https://reconx.streamlit.app,200,914,
2025-07-22T10:33:32.157754Z,https://expensemate.streamlit.app/,200,1029,
2025-07-22T10:33:33.021697Z,https://dark-store.streamlit.app/,200,864,
2025-07-22T10:33:33.173197Z,https://ghost.onrender.com,404,151,
2025-07-22T10:57:16.339526Z,https://reconx.streamlit.app,200,1198,
2025-07-22T10:57:17.307420Z,https://expensemate.streamlit.app/,200,968,
2025-07-22T10:57:18.390221Z,https://dark-store.streamlit.app/,200,1083,
2025-07-22T10:57:18.622416Z,https://ghost.onrender.com,404,232,
2025-07-22T11:25:50.039294Z,https://reconx.streamlit.app,200,1400,
2025-07-22T11:25:51.160341Z,https://expensemate.streamlit.app/,200,1121,
2025-07-22T11:25:52.313532Z,https://dark-store.streamlit.app/,200,1153,
2025-07-22T11:25:52.450469Z,https://ghost.onrender.com,404,137,
2025-07-22T11:44:31.321686Z,https://reconx.streamlit.app,200,979,
2025-07-22T11:44:32.474697Z,https://expensemate.streamlit.app/,200,1153,
2025-07-22T11:44:33.422656Z,https://dark-store.streamlit.app/,200,948,
2025-07-22T11:44:33.574654Z,https://ghost.onrender.com,404,152,
2025-07-22T11:57:45.846495Z,https://reconx.streamlit.app,200,921,
2025-07-22T11:57:46.975733Z,https://expensemate.streamlit.app/,200,1129,
2025-07-22T11:57:48.198034Z,https://dark-store.streamlit.app/,200,1222,
2025-07-22T11:57:48.308569Z,https://ghost.onrender.com,404,110,
2025-07-22T13:01:27.719898Z,https://reconx.streamlit.app,200,1050,
2025-07-22T13:01:28.708507Z,https://expensemate.streamlit.app/,200,988,
2025-07-22T13:01:29.716026Z,https://dark-store.streamlit.app/,200,1007,
2025-07-22T13:01:29.927850Z,https://ghost.onrender.com,404,212,
2025-07-22T13:51:17.610982Z,https://reconx.streamlit.app,200,1015,
2025-07-22T13:51:18.679610Z,https://expensemate.streamlit.app/,200,1068,
2025-07-22T13:51:19.720011Z,https://dark-store.streamlit.app/,200,1040,
2025-07-22T13:51:19.855889Z,https://ghost.onrender.com,404,136,
2025-07-22T14:27:17.101623Z,https://reconx.streamlit.app,200,1028,
2025-07-22T14:27:18.078642Z,https://expensemate.streamlit.app/,200,977,
2025-07-22T14:27:19.005830Z,https://dark-store.streamlit.app/,200,927,
2025-07-22T14:27:19.316080Z,https://ghost.onrender.com,404,310,
2025-07-22T14:50:28.331031Z,https://reconx.streamlit.app,200,1113,
2025-07-22T14:50:29.347039Z,https://expensemate.streamlit.app/,200,1016,
2025-07-22T14:50:30.327488Z,https://dark-store.streamlit.app/,200,980,
2025-07-22T14:50:30.466737Z,https://ghost.onrender.com,404,139,
2025-07-22T15:30:58.189484Z,https://reconx.streamlit.app,200,1145,
2025-07-22T15:30:59.246641Z,https://expensemate.streamlit.app/,200,1057,
2025-07-22T15:31:00.446813Z,https://dark-store.streamlit.app/,200,1200,
2025-07-22T15:31:00.582266Z,https://ghost.onrender.com,404,135,
2025-07-22T15:56:56.812304Z,https://reconx.streamlit.app,200,1093,
2025-07-22T15:56:57.870498Z,https://expensemate.streamlit.app/,200,1058,
2025-07-22T15:56:58.900202Z,https://dark-store.streamlit.app/,200,1030,
2025-07-22T15:56:59.049378Z,https://ghost.onrender.com,404,149,
2025-07-22T16:37:45.514722Z,https://reconx.streamlit.app,200,1017,
2025-07-22T16:37:46.593831Z,https://expensemate.streamlit.app/,200,1079,
2025-07-22T16:37:47.572236Z,https://dark-store.streamlit.app/,200,978,
2025-07-22T16:37:47.753890Z,https://ghost.onrender.com,404,182,
2025-07-22T17:01:01.441407Z,https://reconx.streamlit.app,200,1212,
2025-07-22T17:01:02.537010Z,https://expensemate.streamlit.app/,200,1095,
2025-07-22T17:01:03.592121Z,https://dark-store.streamlit.app/,200,1055,
2025-07-22T17:01:03.781203Z,https://ghost.onrender.com,404,189,
2025-07-22T17:39:54.501356Z,https://reconx.streamlit.app,200,1113,
2025-07-22T17:39:55.511206Z,https://expensemate.streamlit.app/,200,1010,
2025-07-22T17:39:56.485489Z,https://dark-store.streamlit.app/,200,974,
2025-07-22T17:39:56.644329Z,https://ghost.onrender.com,404,159,
2025-07-22T17:54:59.056721Z,https://reconx.streamlit.app,200,1256,
2025-07-22T17:55:00.204144Z,https://expensemate.streamlit.app/,200,1147,
2025-07-22T17:55:01.411903Z,https://dark-store.streamlit.app/,200,1208,
2025-07-22T17:55:01.569647Z,https://ghost.onrender.com,404,158,
2025-07-22T18:40:16.442389Z,https://reconx.streamlit.app,200,1121,
2025-07-22T18:40:17.619846Z,https://expensemate.streamlit.app/,200,1177,
2025-07-22T18:40:18.771446Z,https://dark-store.streamlit.app/,200,1151,
2025-07-22T18:40:19.058402Z,https://ghost.onrender.com,404,287,
2025-07-22T19:00:49.149498Z,https://reconx.streamlit.app,200,1176,
2025-07-22T19:00:50.308558Z,https://expensemate.streamlit.app/,200,1159,
2025-07-22T19:00:51.362782Z,https://dark-store.streamlit.app/,200,1054,
2025-07-22T19:00:51.524068Z,https://ghost.onrender.com,404,161,
2025-07-22T19:30:31.705754Z,https://reconx.streamlit.app,200,1257,
2025-07-22T19:30:32.830680Z,https://expensemate.streamlit.app/,200,1125,
2025-07-22T19:30:33.914695Z,https://dark-store.streamlit.app/,200,1084,
2025-07-22T19:30:34.119927Z,https://ghost.onrender.com,404,205,
2025-07-22T19:53:27.129482Z,https://reconx.streamlit.app,200,1101,
2025-07-22T19:53:28.144182Z,https://expensemate.streamlit.app/,200,1015,
2025-07-22T19:53:29.230626Z,https://dark-store.streamlit.app/,200,1086,
2025-07-22T19:53:29.445083Z,https://ghost.onrender.com,404,214,
2025-07-22T20:30:42.554839Z,https://reconx.streamlit.app,200,1197,
2025-07-22T20:30:43.567842Z,https://expensemate.streamlit.app/,200,1013,
2025-07-22T20:30:44.763256Z,https://dark-store.streamlit.app/,200,1195,
2025-07-22T20:30:44.915984Z,https://ghost.onrender.com,404,153,
2025-07-22T20:55:56.274809Z,https://reconx.streamlit.app,200,1197,
2025-07-22T20:55:57.221988Z,https://expensemate.streamlit.app/,200,947,
2025-07-22T20:55:58.201362Z,https://dark-store.streamlit.app/,200,979,
2025-07-22T20:55:58.394254Z,https://ghost.onrender.com,404,193,
2025-07-22T21:27:51.826454Z,https://reconx.streamlit.app,200,1307,
2025-07-22T21:27:52.870750Z,https://expensemate.streamlit.app/,200,1044,
2025-07-22T21:27:54.124377Z,https://dark-store.streamlit.app/,200,1254,
2025-07-22T21:27:54.423474Z,https://ghost.onrender.com,404,299,
2025-07-22T21:45:50.137082Z,https://reconx.streamlit.app,200,1321,
2025-07-22T21:45:51.249244Z,https://expensemate.streamlit.app/,200,1112,
2025-07-22T21:45:52.519687Z,https://dark-store.streamlit.app/,200,1270,
2025-07-22T21:45:52.681302Z,https://ghost.onrender.com,404,161,
2025-07-22T22:26:37.832986Z,https://reconx.streamlit.app,200,1190,
2025-07-22T22:26:39.228917Z,https://expensemate.streamlit.app/,200,1396,
2025-07-22T22:26:40.395261Z,https://dark-store.streamlit.app/,200,1166,
2025-07-22T22:26:40.582347Z,https://ghost.onrender.com,404,187,
2025-07-22T22:48:16.555647Z,https://reconx.streamlit.app,200,1680,
2025-07-22T22:48:17.784553Z,https://expensemate.streamlit.app/,200,1229,
2025-07-22T22:48:19.017630Z,https://dark-store.streamlit.app/,200,1233,
2025-07-22T22:48:19.167805Z,https://ghost.onrender.com,404,150,
2025-07-22T23:26:42.735410Z,https://reconx.streamlit.app,200,1220,
2025-07-22T23:26:43.893679Z,https://expensemate.streamlit.app/,200,1158,
2025-07-22T23:26:44.946401Z,https://dark-store.streamlit.app/,200,1053,
2025-07-22T23:26:45.055269Z,https://ghost.onrender.com,404,109,
2025-07-22T23:45:31.168219Z,https://reconx.streamlit.app,200,1351,
2025-07-22T23:45:32.382171Z,https://expensemate.streamlit.app/,200,1214,
2025-07-22T23:45:33.626351Z,https://dark-store.streamlit.app/,200,1244,
2025-07-22T23:45:33.777137Z,https://ghost.onrender.com,404,151,
2025-07-23T02:22:36.640711Z,https://reconx.streamlit.app,200,1291,
2025-07-23T02:22:38.032185Z,https://expensemate.streamlit.app/,200,1391,
2025-07-23T02:22:39.203364Z,https://dark-store.streamlit.app/,200,1171,
2025-07-23T02:22:39.341886Z,https://ghost.onrender.com,404,138,
2025-07-23T03:49:30.311449Z,https://reconx.streamlit.app,200,979,
2025-07-23T03:49:31.364907Z,https://expensemate.streamlit.app/,200,1053,
2025-07-23T03:49:32.360171Z,https://dark-store.streamlit.app/,200,995,
2025-07-23T03:49:32.660722Z,https://ghost.onrender.com,404,300,
2025-07-23T04:47:32.432315Z,https://reconx.streamlit.app,200,1166,
2025-07-23T04:47:33.539683Z,https://expensemate.streamlit.app/,200,1107,
2025-07-23T04:47:34.670151Z,https://dark-store.streamlit.app/,200,1130,
2025-07-23T04:47:34.843473Z,https://ghost.onrender.com,404,173,
2025-07-23T05:34:35.779095Z,https://reconx.streamlit.app,200,1369,
2025-07-23T05:34:36.777774Z,https://expensemate.streamlit.app/,200,999,
2025-07-23T05:34:37.889725Z,https://dark-store.streamlit.app/,200,1112,
2025-07-23T05:34:38.041061Z,https://ghost.onrender.com,404,151,
2025-07-23T05:58:16.481270Z,https://reconx.streamlit.app,200,1141,
2025-07-23T05:58:17.474599Z,https://expensemate.streamlit.app/,200,993,
2025-07-23T05:58:18.654511Z,https://dark-store.streamlit.app/,200,1180,
2025-07-23T05:58:18.769986Z,https://ghost.onrender.com,404,115,
2025-07-23T06:46:02.929235Z,https://reconx.streamlit.app,200,1129,
2025-07-23T06:46:03.907351Z,https://expensemate.streamlit.app/,200,978,
2025-07-23T06:46:05.094172Z,https://dark-store.streamlit.app/,200,1187,
2025-07-23T06:46:05.271469Z,https://ghost.onrender.com,404,177,
2025-07-23T07:30:07.042973Z,https://reconx.streamlit.app,200,1172,
2025-07-23T07:30:08.332348Z,https://expensemate.streamlit.app/,200,1289,
2025-07-23T07:30:09.499055Z,https://dark-store.streamlit.app/,200,1167,
2025-07-23T07:30:09.724283Z,https://ghost.onrender.com,404,225,
2025-07-23T07:49:20.712220Z,https://reconx.streamlit.app,200,1191,
2025-07-23T07:49:21.931706Z,https://expensemate.streamlit.app/,200,1219,
2025-07-23T07:49:23.232932Z,https://dark-store.streamlit.app/,200,1301,
2025-07-23T07:49:23.457477Z,https://ghost.onrender.com,404,224,
2025-07-23T08:38:03.989683Z,https://reconx.streamlit.app,200,1150,
2025-07-23T08:38:05.001475Z,https://expensemate.streamlit.app/,200,1012,
2025-07-23T08:38:06.049738Z,https://dark-store.streamlit.app/,200,1048,
2025-07-23T08:38:06.191684Z,https://ghost.onrender.com,404,142,
2025-07-23T09:02:22.002097Z,https://reconx.streamlit.app,200,1067,
2025-07-23T09:02:23.030667Z,https://expensemate.streamlit.app/,200,1028,
2025-07-23T09:02:24.128378Z,https://dark-store.streamlit.app/,200,1098,
2025-07-23T09:02:26.135610Z,https://ghost.onrender.com,404,2007,
2025-07-23T09:43:08.786397Z,https://reconx.streamlit.app,200,1190,
2025-07-23T09:43:09.922305Z,https://expensemate.streamlit.app/,200,1136,
2025-07-23T09:43:11.015731Z,https://dark-store.streamlit.app/,200,1093,
2025-07-23T09:43:11.278604Z,https://ghost.onrender.com,404,263,
2025-07-23T09:58:05.691468Z,https://reconx.streamlit.app,200,1132,
2025-07-23T09:58:06.781883Z,https://expensemate.streamlit.app/,200,1090,
2025-07-23T09:58:07.865696Z,https://dark-store.streamlit.app/,200,1084,
2025-07-23T09:58:08.058357Z,https://ghost.onrender.com,404,193,
2025-07-23T10:34:58.644852Z,https://reconx.streamlit.app,200,1126,
2025-07-23T10:34:59.708956Z,https://expensemate.streamlit.app/,200,1064,
2025-07-23T10:35:00.700447Z,https://dark-store.streamlit.app/,200,991,
2025-07-23T10:35:00.866488Z,https://ghost.onrender.com,404,166,
2025-07-23T10:57:20.812036Z,https://reconx.streamlit.app,200,1085,
2025-07-23T10:57:22.144322Z,https://expensemate.streamlit.app/,200,1332,
2025-07-23T10:57:23.246440Z,https://dark-store.streamlit.app/,200,1102,
2025-07-23T10:57:23.417334Z,https://ghost.onrender.com,404,171,
2025-07-23T11:26:33.064140Z,https://reconx.streamlit.app,200,991,
2025-07-23T11:26:34.105721Z,https://expensemate.streamlit.app/,200,1041,
2025-07-23T11:26:35.196607Z,https://dark-store.streamlit.app/,200,1091,
2025-07-23T11:26:35.387305Z,https://ghost.onrender.com,404,191,
2025-07-23T11:45:10.500847Z,https://reconx.streamlit.app,200,1243,
2025-07-23T11:45:11.544920Z,https://expensemate.streamlit.app/,200,1044,
2025-07-23T11:45:12.712278Z,https://dark-store.streamlit.app/,200,1167,
2025-07-23T11:45:12.820098Z,https://ghost.onrender.com,404,108,
2025-07-23T11:58:19.566785Z,https://reconx.streamlit.app,200,1112,
2025-07-23T11:58:20.681010Z,https://expensemate.streamlit.app/,200,1114,
2025-07-23T11:58:21.753017Z,https://dark-store.streamlit.app/,200,1072,
2025-07-23T11:58:21.916160Z,https://ghost.onrender.com,404,163,
2025-07-23T13:02:07.644996Z,https://reconx.streamlit.app,200,1203,
2025-07-23T13:02:08.755863Z,https://expensemate.streamlit.app/,200,1111,
2025-07-23T13:02:09.948552Z,https://dark-store.streamlit.app/,200,1193,
2025-07-23T13:02:10.152196Z,https://ghost.onrender.com,404,204,
2025-07-23T13:49:54.097552Z,https://reconx.streamlit.app,200,1153,
2025-07-23T13:49:55.202750Z,https://expensemate.streamlit.app/,200,1105,
2025-07-23T13:49:56.381823Z,https://dark-store.streamlit.app/,200,1179,
2025-07-23T13:49:56.585225Z,https://ghost.onrender.com,404,203,
2025-07-23T14:29:30.586262Z,https://reconx.streamlit.app,200,1035,
2025-07-23T14:29:31.817326Z,https://expensemate.streamlit.app/,200,1231,
2025-07-23T14:29:32.843539Z,https://dark-store.streamlit.app/,200,1026,
2025-07-23T14:29:33.023000Z,https://ghost.onrender.com,404,179,
2025-07-23T14:54:06.679813Z,https://reconx.streamlit.app,200,1128,
2025-07-23T14:54:07.819388Z,https://expensemate.streamlit.app/,200,1139,
2025-07-23T14:54:09.019455Z,https://dark-store.streamlit.app/,200,1200,
2025-07-23T14:54:09.202311Z,https://ghost.onrender.com,404,183,
2025-07-23T15:31:17.284880Z,https://reconx.streamlit.app,200,1166,
2025-07-23T15:31:18.534621Z,https://expensemate.streamlit.app/,200,1250,
2025-07-23T15:31:19.513018Z,https://dark-store.streamlit.app/,200,978,
2025-07-23T15:31:19.672039Z,https://ghost.onrender.com,404,159,
2025-07-23T15:57:58.234689Z,https://reconx.streamlit.app,200,1351,
2025-07-23T15:57:59.373770Z,https://expensemate.streamlit.app/,200,1139,
2025-07-23T15:58:00.599271Z,https://dark-store.streamlit.app/,200,1225,
2025-07-23T15:58:00.765582Z,https://ghost.onrender.com,404,166,
2025-07-23T16:38:23.168983Z,https://reconx.streamlit.app,200,1361,
2025-07-23T16:38:24.501388Z,https://expensemate.streamlit.app/,200,1332,
2025-07-23T16:38:25.729506Z,https://dark-store.streamlit.app/,200,1228,
2025-07-23T16:38:26.086512Z,https://ghost.onrender.com,404,357,
2025-07-23T17:01:57.966433Z,https://reconx.streamlit.app,200,1188,
2025-07-23T17:01:59.192180Z,https://expensemate.streamlit.app/,200,1226,
2025-07-23T17:02:00.306813Z,https://dark-store.streamlit.app/,200,1115,
2025-07-23T17:02:00.474868Z,https://ghost.onrender.com,404,168,
2025-07-23T17:40:42.161671Z,https://reconx.streamlit.app,200,1102,
2025-07-23T17:40:43.075470Z,https://expensemate.streamlit.app/,200,914,
2025-07-23T17:40:44.011934Z,https://dark-store.streamlit.app/,200,936,
2025-07-23T17:40:44.173321Z,https://ghost.onrender.com,404,161,
2025-07-23T17:55:37.278366Z,https://reconx.streamlit.app,200,939,
2025-07-23T17:55:38.378273Z,https://expensemate.streamlit.app/,200,1100,
2025-07-23T17:55:39.264539Z,https://dark-store.streamlit.app/,200,886,
2025-07-23T17:55:39.383673Z,https://ghost.onrender.com,404,119,
2025-07-23T18:40:35.468299Z,https://reconx.streamlit.app,200,978,
2025-07-23T18:40:36.473979Z,https://expensemate.streamlit.app/,200,1006,
2025-07-23T18:40:37.447686Z,https://dark-store.streamlit.app/,200,974,
2025-07-23T18:40:37.775469Z,https://ghost.onrender.com,404,328,
2025-07-23T19:00:38.438955Z,https://reconx.streamlit.app,200,1066,
2025-07-23T19:00:39.538681Z,https://expensemate.streamlit.app/,200,1100,
2025-07-23T19:00:40.571274Z,https://dark-store.streamlit.app/,200,1032,
2025-07-23T19:00:40.719431Z,https://ghost.onrender.com,404,148,
2025-07-23T19:31:05.621848Z,https://reconx.streamlit.app,200,1099,
2025-07-23T19:31:06.791327Z,https://expensemate.streamlit.app/,200,1169,
2025-07-23T19:31:07.924233Z,https://dark-store.streamlit.app/,200,1133,
2025-07-23T19:31:08.036870Z,https://ghost.onrender.com,404,113,
2025-07-23T19:53:14.185776Z,https://reconx.streamlit.app,200,1088,
2025-07-23T19:53:15.358000Z,https://expensemate.streamlit.app/,200,1172,
2025-07-23T19:53:16.549668Z,https://dark-store.streamlit.app/,200,1192,
2025-07-23T19:53:16.744417Z,https://ghost.onrender.com,404,195,
2025-07-23T20:30:54.362038Z,https://reconx.streamlit.app,200,1156,
2025-07-23T20:30:55.453509Z,https://expensemate.streamlit.app/,200,1091,
2025-07-23T20:30:56.607358Z,https://dark-store.streamlit.app/,200,1154,
2025-07-23T20:30:56.847621Z,https://ghost.onrender.com,404,240,
2025-07-23T20:56:32.398167Z,https://reconx.streamlit.app,200,1312,
2025-07-23T20:56:33.674831Z,https://expensemate.streamlit.app/,200,1277,
2025-07-23T20:56:34.763533Z,https://dark-store.streamlit.app/,200,1089,
2025-07-23T20:56:34.948856Z,https://ghost.onrender.com,404,185,
2025-07-23T21:28:27.743937Z,https://reconx.streamlit.app,200,980,
2025-07-23T21:28:28.733351Z,https://expensemate.streamlit.app/,200,989,
2025-07-23T21:28:29.708954Z,https://dark-store.streamlit.app/,200,975,
2025-07-23T21:28:29.853629Z,https://ghost.onrender.com,404,145,
2025-07-23T21:46:34.797114Z,https://reconx.streamlit.app,200,1014,
2025-07-23T21:46:35.749556Z,https://expensemate.streamlit.app/,200,952,
2025-07-23T21:46:36.767730Z,https://dark-store.streamlit.app/,200,1018,
2025-07-23T21:46:36.901909Z,https://ghost.onrender.com,404,134,
2025-07-23T22:27:10.271480Z,https://reconx.streamlit.app,200,1140,
2025-07-23T22:27:11.248924Z,https://expensemate.streamlit.app/,200,977,
2025-07-23T22:27:12.280208Z,https://dark-store.streamlit.app/,200,1031,
2025-07-23T22:27:12.429999Z,https://ghost.onrender.com,404,150,
2025-07-23T22:48:27.012901Z,https://reconx.streamlit.app,200,1222,
2025-07-23T22:48:28.085781Z,https://expensemate.streamlit.app/,200,1073,
2025-07-23T22:48:29.194901Z,https://dark-store.streamlit.app/,200,1109,
2025-07-23T22:48:29.336914Z,https://ghost.onrender.com,404,142,
2025-07-23T23:27:11.756936Z,https://reconx.streamlit.app,200,1066,
2025-07-23T23:27:12.870914Z,https://expensemate.streamlit.app/,200,1114,
2025-07-23T23:27:14.061509Z,https://dark-store.streamlit.app/,200,1190,
2025-07-23T23:27:14.252237Z,https://ghost.onrender.com,404,191,
2025-07-23T23:46:04.939550Z,https://reconx.streamlit.app,200,1000,
2025-07-23T23:46:05.926030Z,https://expensemate.streamlit.app/,200,986,
2025-07-23T23:46:06.940442Z,https://dark-store.streamlit.app/,200,1014,
2025-07-23T23:46:07.049760Z,https://ghost.onrender.com,404,109,
2025-07-24T02:21:37.234176Z,https://reconx.streamlit.app,200,1151,
2025-07-24T02:21:38.302827Z,https://expensemate.streamlit.app/,200,1068,
2025-07-24T02:21:39.559483Z,https://dark-store.streamlit.app/,200,1257,
2025-07-24T02:21:39.707108Z,https://ghost.onrender.com,404,147,
2025-07-24T03:48:28.238850Z,https://reconx.streamlit.app,200,1279,
2025-07-24T03:48:29.560651Z,https://expensemate.streamlit.app/,200,1322,
2025-07-24T03:48:30.692181Z,https://dark-store.streamlit.app/,200,1131,
2025-07-24T03:48:31.311130Z,https://ghost.onrender.com,404,619,
2025-07-24T04:45:08.191266Z,https://reconx.streamlit.app,200,1159,
2025-07-24T04:45:09.327739Z,https://expensemate.streamlit.app/,200,1136,
2025-07-24T04:45:10.437036Z,https://dark-store.streamlit.app/,200,1109,
2025-07-24T04:45:10.608723Z,https://ghost.onrender.com,404,172,
2025-07-24T05:15:10.812465Z,https://reconx.streamlit.app,200,1146,
2025-07-24T05:15:11.921031Z,https://expensemate.streamlit.app/,200,1108,
2025-07-24T05:15:13.015926Z,https://dark-store.streamlit.app/,200,1095,
2025-07-24T05:15:13.148847Z,https://ghost.onrender.com,404,133,
2025-07-24T05:45:39.613058Z,https://reconx.streamlit.app,200,1206,
2025-07-24T05:45:40.752886Z,https://expensemate.streamlit.app/,200,1140,
2025-07-24T05:45:41.805859Z,https://dark-store.streamlit.app/,200,1053,
2025-07-24T05:45:41.993110Z,https://ghost.onrender.com,404,187,
2025-07-24T06:41:09.669257Z,https://reconx.streamlit.app,200,1172,
2025-07-24T06:41:10.586816Z,https://expensemate.streamlit.app/,200,917,
2025-07-24T06:41:11.639813Z,https://dark-store.streamlit.app/,200,1053,
2025-07-24T06:41:11.770969Z,https://ghost.onrender.com,404,131,
2025-07-24T07:01:36.944185Z,https://reconx.streamlit.app,200,1050,
2025-07-24T07:01:38.005137Z,https://expensemate.streamlit.app/,200,1061,
2025-07-24T07:01:38.961603Z,https://dark-store.streamlit.app/,200,956,
2025-07-24T07:01:39.116065Z,https://ghost.onrender.com,404,154,
2025-07-24T07:37:07.741497Z,https://reconx.streamlit.app,200,946,
2025-07-24T07:37:08.710974Z,https://expensemate.streamlit.app/,200,969,
2025-07-24T07:37:09.837762Z,https://dark-store.streamlit.app/,200,1127,
2025-07-24T07:37:11.290329Z,https://ghost.onrender.com,404,1452,
2025-07-24T07:54:36.288968Z,https://reconx.streamlit.app,200,947,
2025-07-24T07:54:37.249055Z,https://expensemate.streamlit.app/,200,960,
2025-07-24T07:54:38.260036Z,https://dark-store.streamlit.app/,200,1011,
2025-07-24T07:54:38.402047Z,https://ghost.onrender.com,404,142,
2025-07-24T08:37:12.380065Z,https://reconx.streamlit.app,200,1286,
2025-07-24T08:37:13.380407Z,https://expensemate.streamlit.app/,200,1000,
2025-07-24T08:37:14.355376Z,https://dark-store.streamlit.app/,200,975,
2025-07-24T08:37:14.541424Z,https://ghost.onrender.com,404,186,
2025-07-24T09:01:45.177778Z,https://reconx.streamlit.app,200,1372,
2025-07-24T09:01:46.377794Z,https://expensemate.streamlit.app/,200,1200,
2025-07-24T09:01:47.683081Z,https://dark-store.streamlit.app/,200,1305,
2025-07-24T09:01:47.843208Z,https://ghost.onrender.com,404,160,
2025-11-12T07:37:53.059115Z,https://reconx.streamlit.app,200,1006,
2025-11-12T07:37:54.048191Z,https://expensemate.streamlit.app/,200,989,
2025-11-12T07:37:54.961792Z,https://dark-store.streamlit.app/,200,914,
2025-11-12T07:38:05.039496Z,https://pcrp.onrender.com/,FAILED,None,HTTPSConnectionPool(host='pcrp.onrender.com', port=443): Read timed out. (read timeout=10)
2025-11-12T07:47:03.812436Z,https://reconx.streamlit.app,200,1069,
2025-11-12T07:47:04.939079Z,https://expensemate.streamlit.app/,200,1127,
2025-11-12T07:47:06.063619Z,https://dark-store.streamlit.app/,200,1124,
2025-11-12T07:47:06.378764Z,https://pcrp.onrender.com/,404,315,
2025-11-12T08:14:20.998806Z,https://reconx.streamlit.app,200,1194,
2025-11-12T08:14:22.109428Z,https://expensemate.streamlit.app/,200,1111,
2025-11-12T08:14:23.203159Z,https://dark-store.streamlit.app/,200,1094,
2025-11-12T08:14:33.335460Z,https://pcrp.onrender.com/,FAILED,None,HTTPSConnectionPool(host='pcrp.onrender.com', port=443): Read timed out. (read timeout=10)
2025-11-12T08:43:01.714890Z,https://reconx.streamlit.app,200,1136,
2025-11-12T08:43:02.942108Z,https://expensemate.streamlit.app/,200,1227,
2025-11-12T08:43:04.053257Z,https://dark-store.streamlit.app/,200,1111,
2025-11-12T08:43:04.223145Z,https://pcrp.onrender.com/,404,170,
2025-11-12T08:57:40.376865Z,https://reconx.streamlit.app,200,1286,
2025-11-12T08:57:41.544830Z,https://expensemate.streamlit.app/,200,1168,
2025-11-12T08:57:42.610631Z,https://dark-store.streamlit.app/,200,1066,
2025-11-12T08:57:42.727424Z,https://pcrp.onrender.com/,404,117,
2025-11-12T09:17:47.603728Z,https://reconx.streamlit.app,200,1238,
2025-11-12T09:17:48.999723Z,https://expensemate.streamlit.app/,200,1396,
2025-11-12T09:17:50.163001Z,https://dark-store.streamlit.app/,200,1163,
2025-11-12T09:18:00.217329Z,https://pcrp.onrender.com/,FAILED,None,HTTPSConnectionPool(host='pcrp.onrender.com', port=443): Read timed out. (read timeout=10)
2025-11-12T09:39:37.789229Z,https://reconx.streamlit.app,200,1108,
2025-11-12T09:39:39.025633Z,https://expensemate.streamlit.app/,200,1236,
2025-11-12T09:39:40.263958Z,https://dark-store.streamlit.app/,200,1238,
2025-11-12T09:39:50.321500Z,https://pcrp.onrender.com/,FAILED,None,HTTPSConnectionPool(host='pcrp.onrender.com', port=443): Read timed out. (read timeout=10)
2025-11-12T09:48:46.473803Z,https://reconx.streamlit.app,200,1212,
2025-11-12T09:48:47.606870Z,https://expensemate.streamlit.app/,200,1133,
2025-11-12T09:48:48.789557Z,https://dark-store.streamlit.app/,200,1183,
2025-11-12T09:48:48.991027Z,https://pcrp.onrender.com/,404,201,
2025-11-12T10:11:47.353560Z,https://reconx.streamlit.app,200,1087,
2025-11-12T10:11:48.501236Z,https://expensemate.streamlit.app/,200,1148,
2025-11-12T10:11:49.544992Z,https://dark-store.streamlit.app/,200,1044,
2025-11-12T10:11:59.616579Z,https://pcrp.onrender.com/,FAILED,None,HTTPSConnectionPool(host='pcrp.onrender.com', port=443): Read timed out. (read timeout=10)
2025-11-12T10:37:20.304662Z,https://reconx.streamlit.app,200,1021,
2025-11-12T10:37:21.240803Z,https://expensemate.streamlit.app/,200,936,
2025-11-12T10:37:22.207577Z,https://dark-store.streamlit.app/,200,967,
2025-11-12T10:37:32.261916Z,https://pcrp.onrender.com/,FAILED,None,HTTPSConnectionPool(host='pcrp.onrender.com', port=443): Read timed out. (read timeout=10)
2025-11-12T10:51:56.093648Z,https://reconx.streamlit.app,200,1080,
2025-11-12T10:51:57.163461Z,https://expensemate.streamlit.app/,200,1070,
2025-11-12T10:51:58.399512Z,https://dark-store.streamlit.app/,200,1236,
2025-11-12T10:51:58.521001Z,https://pcrp.onrender.com/,404,121,
2025-11-12T11:09:11.927021Z,https://reconx.streamlit.app,200,1243,
2025-11-12T11:09:13.068827Z,https://expensemate.streamlit.app/,200,1142,
2025-11-12T11:09:14.218473Z,https://dark-store.streamlit.app/,200,1150,
2025-11-12T11:09:24.322973Z,https://pcrp.onrender.com/,FAILED,None,HTTPSConnectionPool(host='pcrp.onrender.com', port=443): Read timed out. (read timeout=10)
2025-11-12T11:27:02.144660Z,https://reconx.streamlit.app,200,1064,
2025-11-12T11:27:03.412965Z,https://expensemate.streamlit.app/,200,1268,
2025-11-12T11:27:04.535484Z,https://dark-store.streamlit.app/,200,1122,
2025-11-12T11:27:14.598583Z,https://pcrp.onrender.com/,FAILED,None,HTTPSConnectionPool(host='pcrp.onrender.com', port=443): Read timed out. (read timeout=10)
2025-11-12T11:37:01.526877Z,https://reconx.streamlit.app,200,1334,
2025-11-12T11:37:02.776797Z,https://expensemate.streamlit.app/,200,1250,
2025-11-12T11:37:04.060055Z,https://dark-store.streamlit.app/,200,1283,
2025-11-12T11:37:04.161609Z,https://pcrp.onrender.com/,404,101,
2025-11-12T11:46:31.157822Z,https://reconx.streamlit.app,200,1085,
2025-11-12T11:46:32.332857Z,https://expensemate.streamlit.app/,200,1175,
2025-11-12T11:46:33.357302Z,https://dark-store.streamlit.app/,200,1024,
2025-11-12T11:46:33.614124Z,https://pcrp.onrender.com/,404,257,
2025-11-12T12:19:26.200784Z,https://reconx.streamlit.app,200,1235,
2025-11-12T12:19:27.405394Z,https://expensemate.streamlit.app/,200,1204,
2025-11-12T12:19:28.606195Z,https://dark-store.streamlit.app/,200,1201,
2025-11-12T12:19:38.664566Z,https://pcrp.onrender.com/,FAILED,None,HTTPSConnectionPool(host='pcrp.onrender.com', port=443): Read timed out. (read timeout=10)
2025-11-12T13:06:42.504683Z,https://reconx.streamlit.app,200,1284,
2025-11-12T13:06:43.512216Z,https://expensemate.streamlit.app/,200,1007,
2025-11-12T13:06:44.782387Z,https://dark-store.streamlit.app/,200,1270,
2025-11-12T13:06:54.834856Z,https://pcrp.onrender.com/,FAILED,None,HTTPSConnectionPool(host='pcrp.onrender.com', port=443): Read timed out. (read timeout=10)
2025-11-12T13:43:09.138733Z,https://reconx.streamlit.app,200,1060,
2025-11-12T13:43:10.171145Z,https://expensemate.streamlit.app/,200,1032,
2025-11-12T13:43:11.250829Z,https://dark-store.streamlit.app/,200,1080,
2025-11-12T13:43:21.292224Z,https://pcrp.onrender.com/,FAILED,None,HTTPSConnectionPool(host='pcrp.onrender.com', port=443): Read timed out. (read timeout=10)
2025-11-12T13:53:44.093500Z,https://reconx.streamlit.app,200,1105,
2025-11-12T13:53:45.476320Z,https://expensemate.streamlit.app/,200,1383,
2025-11-12T13:53:46.511127Z,https://dark-store.streamlit.app/,200,1035,
2025-11-12T13:53:46.639754Z,https://pcrp.onrender.com/,404,128,
2025-11-12T14:10:57.611071Z,https://reconx.streamlit.app,200,1260,
2025-11-12T14:10:58.713160Z,https://expensemate.streamlit.app/,200,1102,
2025-11-12T14:11:00.036535Z,https://dark-store.streamlit.app/,200,1323,
2025-11-12T14:11:00.252117Z,https://pcrp.onrender.com/,404,215,
2025-11-12T14:35:13.720177Z,https://reconx.streamlit.app,200,1103,
2025-11-12T14:35:14.732575Z,https://expensemate.streamlit.app/,200,1012,
2025-11-12T14:35:15.833385Z,https://dark-store.streamlit.app/,200,1101,
2025-11-12T14:35:16.117264Z,https://pcrp.onrender.com/,404,284,
2025-11-12T14:52:10.336020Z,https://reconx.streamlit.app,200,1315,
2025-11-12T14:52:11.555841Z,https://expensemate.streamlit.app/,200,1220,
2025-11-12T14:52:12.863571Z,https://dark-store.streamlit.app/,200,1308,
2025-11-12T14:52:13.043980Z,https://pcrp.onrender.com/,404,180,
2025-11-12T15:11:00.076311Z,https://reconx.streamlit.app,200,1066,
2025-11-12T15:11:01.224758Z,https://expensemate.streamlit.app/,200,1148,
2025-11-12T15:11:02.176188Z,https://dark-store.streamlit.app/,200,951,
2025-11-12T15:11:02.388671Z,https://pcrp.onrender.com/,404,212,
2025-11-12T15:34:04.237939Z,https://reconx.streamlit.app,200,1056,
2025-11-12T15:34:05.559117Z,https://expensemate.streamlit.app/,200,1321,
2025-11-12T15:34:06.679615Z,https://dark-store.streamlit.app/,200,1120,
2025-11-12T15:34:16.781905Z,https://pcrp.onrender.com/,FAILED,None,HTTPSConnectionPool(host='pcrp.onrender.com', port=443): Read timed out. (read timeout=10)
2025-11-12T15:51:48.756178Z,https://reconx.streamlit.app,200,1265,
2025-11-12T15:51:49.864554Z,https://expensemate.streamlit.app/,200,1108,
2025-11-12T15:51:50.907466Z,https://dark-store.streamlit.app/,200,1043,
2025-11-12T15:52:00.964470Z,https://pcrp.onrender.com/,FAILED,None,HTTPSConnectionPool(host='pcrp.onrender.com', port=443): Read timed out. (read timeout=10)
2025-11-12T16:13:38.453636Z,https://reconx.streamlit.app,200,1090,
2025-11-12T16:13:39.559071Z,https://expensemate.streamlit.app/,200,1105,
2025-11-12T16:13:40.621428Z,https://dark-store.streamlit.app/,200,1062,
2025-11-12T16:13:50.693184Z,https://pcrp.onrender.com/,FAILED,None,HTTPSConnectionPool(host='pcrp.onrender.com', port=443): Read timed out. (read timeout=10)
2025-11-12T16:42:52.718721Z,https://reconx.streamlit.app,200,1237,
2025-11-12T16:42:53.641070Z,https://expensemate.streamlit.app/,200,922,
2025-11-12T16:42:54.838819Z,https://dark-store.streamlit.app/,200,1198,
2025-11-12T16:43:04.913136Z,https://pcrp.onrender.com/,FAILED,None,HTTPSConnectionPool(host='pcrp.onrender.com', port=443): Read timed out. (read timeout=10)
2025-11-12T16:57:07.664687Z,https://reconx.streamlit.app,200,1066,
2025-11-12T16:57:08.710071Z,https://expensemate.streamlit.app/,200,1045,
2025-11-12T16:57:09.765566Z,https://dark-store.streamlit.app/,200,1055,
2025-11-12T16:57:10.163616Z,https://pcrp.onrender.com/,404,398,
2025-11-12T17:14:09.111986Z,https://reconx.streamlit.app,200,1016,
2025-11-12T17:14:10.085185Z,https://expensemate.streamlit.app/,200,973,
2025-11-12T17:14:10.979071Z,https://dark-store.streamlit.app/,200,894,
2025-11-12T17:14:21.062683Z,https://pcrp.onrender.com/,FAILED,None,HTTPSConnectionPool(host='pcrp.onrender.com', port=443): Read timed out. (read timeout=10)
2025-11-12T17:33:47.121379Z,https://reconx.streamlit.app,200,1211,
2025-11-12T17:33:48.277453Z,https://expensemate.streamlit.app/,200,1156,
2025-11-12T17:33:49.386899Z,https://dark-store.streamlit.app/,200,1109,
2025-11-12T17:33:49.542846Z,https://pcrp.onrender.com/,404,156,
2025-11-12T17:46:22.989126Z,https://reconx.streamlit.app,200,1232,
2025-11-12T17:46:24.202082Z,https://expensemate.streamlit.app/,200,1213,
2025-11-12T17:46:25.277002Z,https://dark-store.streamlit.app/,200,1075,
2025-11-12T17:46:25.411382Z,https://pcrp.onrender.com/,404,134,
2025-11-12T18:14:44.711985Z,https://reconx.streamlit.app,200,1147,
2025-11-12T18:14:45.754201Z,https://expensemate.streamlit.app/,200,1042,
2025-11-12T18:14:46.884065Z,https://dark-store.streamlit.app/,200,1130,
2025-11-12T18:14:57.104015Z,https://pcrp.onrender.com/,FAILED,None,HTTPSConnectionPool(host='pcrp.onrender.com', port=443): Read timed out. (read timeout=10)
2025-11-12T18:41:17.007269Z,https://reconx.streamlit.app,200,1025,
2025-11-12T18:41:18.306962Z,https://expensemate.streamlit.app/,200,1300,
2025-11-12T18:41:19.421178Z,https://dark-store.streamlit.app/,200,1114,
2025-11-12T18:41:29.512075Z,https://pcrp.onrender.com/,FAILED,None,HTTPSConnectionPool(host='pcrp.onrender.com', port=443): Read timed out. (read timeout=10)
2025-11-12T18:53:08.669241Z,https://reconx.streamlit.app,200,1392,
2025-11-12T18:53:09.763862Z,https://expensemate.streamlit.app/,200,1094,
2025-11-12T18:53:10.840256Z,https://dark-store.streamlit.app/,200,1076,
2025-11-12T18:53:11.118939Z,https://pcrp.onrender.com/,404,279,
2025-11-12T19:08:21.887148Z,https://reconx.streamlit.app,200,1112,
2025-11-12T19:08:23.067545Z,https://expensemate.streamlit.app/,200,1180,
2025-11-12T19:08:24.203529Z,https://dark-store.streamlit.app/,200,1136,
2025-11-12T19:08:34.281341Z,https://pcrp.onrender.com/,FAILED,None,HTTPSConnectionPool(host='pcrp.onrender.com', port=443): Read timed out. (read timeout=10)
2025-11-12T19:25:45.613315Z,https://reconx.streamlit.app,200,1232,
2025-11-12T19:25:46.619307Z,https://expensemate.streamlit.app/,200,1006,
2025-11-12T19:25:47.754679Z,https://dark-store.streamlit.app/,200,1135,
2025-11-12T19:25:57.856877Z,https://pcrp.onrender.com/,FAILED,None,HTTPSConnectionPool(host='pcrp.onrender.com', port=443): Read timed out. (read timeout=10)
2025-11-12T19:34:03.591470Z,https://reconx.streamlit.app,200,1361,
2025-11-12T19:34:04.679719Z,https://expensemate.streamlit.app/,200,1088,
2025-11-12T19:34:05.750959Z,https://dark-store.streamlit.app/,200,1071,
2025-11-12T19:34:05.895333Z,https://pcrp.onrender.com/,404,144,
2025-11-12T19:46:38.549232Z,https://reconx.streamlit.app,200,1027,
2025-11-12T19:46:39.555949Z,https://expensemate.streamlit.app/,200,1007,
2025-11-12T19:46:40.731170Z,https://dark-store.streamlit.app/,200,1175,
2025-11-12T19:46:41.004777Z,https://pcrp.onrender.com/,404,273,
2025-11-12T20:11:35.244633Z,https://reconx.streamlit.app,200,996,
2025-11-12T20:11:36.407164Z,https://expensemate.streamlit.app/,200,1162,
2025-11-12T20:11:37.479354Z,https://dark-store.streamlit.app/,200,1072,
2025-11-12T20:11:47.555477Z,https://pcrp.onrender.com/,FAILED,None,HTTPSConnectionPool(host='pcrp.onrender.com', port=443): Read timed out. (read timeout=10)
2025-11-12T20:33:28.764486Z,https://reconx.streamlit.app,200,1128,
2025-11-12T20:33:29.858317Z,https://expensemate.streamlit.app/,200,1094,
2025-11-12T20:33:30.930244Z,https://dark-store.streamlit.app/,200,1072,
2025-11-12T20:33:40.985907Z,https://pcrp.onrender.com/,FAILED,None,HTTPSConnectionPool(host='pcrp.onrender.com', port=443): Read timed out. (read timeout=10)
2025-11-12T20:47:49.417309Z,https://reconx.streamlit.app,200,1238,
2025-11-12T20:47:50.516762Z,https://expensemate.streamlit.app/,200,1099,
2025-11-12T20:47:51.636050Z,https://dark-store.streamlit.app/,200,1119,
2025-11-12T20:47:52.068788Z,https://pcrp.onrender.com/,404,433,
2025-11-12T21:09:23.743661Z,https://reconx.streamlit.app,200,1036,
2025-11-12T21:09:24.715136Z,https://expensemate.streamlit.app/,200,971,
2025-11-12T21:09:25.899939Z,https://dark-store.streamlit.app/,200,1185,
2025-11-12T21:09:35.996105Z,https://pcrp.onrender.com/,FAILED,None,HTTPSConnectionPool(host='pcrp.onrender.com', port=443): Read timed out. (read timeout=10)
2025-11-12T21:28:34.998539Z,https://reconx.streamlit.app,200,1094,
2025-11-12T21:28:36.075393Z,https://expensemate.streamlit.app/,200,1077,
2025-11-12T21:28:37.038599Z,https://dark-store.streamlit.app/,200,963,
2025-11-12T21:28:47.120032Z,https://pcrp.onrender.com/,FAILED,None,HTTPSConnectionPool(host='pcrp.onrender.com', port=443): Read timed out. (read timeout=10)
2025-11-12T21:38:28.033166Z,https://reconx.streamlit.app,200,1206,
2025-11-12T21:38:29.176163Z,https://expensemate.streamlit.app/,200,1143,
2025-11-12T21:38:30.235055Z,https://dark-store.streamlit.app/,200,1059,
2025-11-12T21:38:30.490199Z,https://pcrp.onrender.com/,404,255,
2025-11-12T21:46:21.243822Z,https://reconx.streamlit.app,200,1253,
2025-11-12T21:46:22.431379Z,https://expensemate.streamlit.app/,200,1187,
2025-11-12T21:46:23.780815Z,https://dark-store.streamlit.app/,200,1349,
2025-11-12T21:46:23.982227Z,https://pcrp.onrender.com/,404,201,
2025-11-12T22:09:48.140852Z,https://reconx.streamlit.app,200,1151,
2025-11-12T22:09:49.190302Z,https://expensemate.streamlit.app/,200,1049,
2025-11-12T22:09:50.275685Z,https://dark-store.streamlit.app/,200,1085,
2025-11-12T22:10:00.404914Z,https://pcrp.onrender.com/,FAILED,None,HTTPSConnectionPool(host='pcrp.onrender.com', port=443): Read timed out. (read timeout=10)
2025-11-12T22:29:59.194040Z,https://reconx.streamlit.app,200,1188,
2025-11-12T22:30:00.208338Z,https://expensemate.streamlit.app/,200,1014,
2025-11-12T22:30:01.247136Z,https://dark-store.streamlit.app/,200,1039,
2025-11-12T22:30:11.303582Z,https://pcrp.onrender.com/,FAILED,None,HTTPSConnectionPool(host='pcrp.onrender.com', port=443): Read timed out. (read timeout=10)
2025-11-12T22:44:05.167502Z,https://reconx.streamlit.app,200,1240,
2025-11-12T22:44:06.381502Z,https://expensemate.streamlit.app/,200,1214,
2025-11-12T22:44:07.708946Z,https://dark-store.streamlit.app/,200,1327,
2025-11-12T22:44:07.828479Z,https://pcrp.onrender.com/,404,119,
2025-11-12T22:46:04.927224Z,https://reconx.streamlit.app,200,1117,
2025-11-12T22:46:06.199252Z,https://expensemate.streamlit.app/,200,1272,
2025-11-12T22:46:07.333777Z,https://dark-store.streamlit.app/,200,1134,
2025-11-12T22:46:07.631532Z,https://pcrp.onrender.com/,404,298,
2025-11-12T23:09:42.506395Z,https://reconx.streamlit.app,200,1231,
2025-11-12T23:09:43.584008Z,https://expensemate.streamlit.app/,200,1077,
2025-11-12T23:09:44.572803Z,https://dark-store.streamlit.app/,200,989,
2025-11-12T23:09:54.694280Z,https://pcrp.onrender.com/,FAILED,None,HTTPSConnectionPool(host='pcrp.onrender.com', port=443): Read timed out. (read timeout=10)
2025-11-12T23:28:00.179663Z,https://reconx.streamlit.app,200,1295,
2025-11-12T23:28:01.296878Z,https://expensemate.streamlit.app/,200,1117,
2025-11-12T23:28:02.442731Z,https://dark-store.streamlit.app/,200,1146,
2025-11-12T23:28:12.517965Z,https://pcrp.onrender.com/,FAILED,None,HTTPSConnectionPool(host='pcrp.onrender.com', port=443): Read timed out. (read timeout=10)
2025-11-12T23:37:40.529248Z,https://reconx.streamlit.app,200,1210,
2025-11-12T23:37:41.553268Z,https://expensemate.streamlit.app/,200,1024,
2025-11-12T23:37:42.632197Z,https://dark-store.streamlit.app/,200,1079,
2025-11-12T23:37:42.918829Z,https://pcrp.onrender.com/,404,286,
2025-11-12T23:46:55.861999Z,https://reconx.streamlit.app,200,1268,
2025-11-12T23:46:56.997062Z,https://expensemate.streamlit.app/,200,1135,
2025-11-12T23:46:58.196848Z,https://dark-store.streamlit.app/,200,1200,
2025-11-12T23:46:58.344861Z,https://pcrp.onrender.com/,404,148,
2025-11-13T00:46:46.501119Z,https://reconx.streamlit.app,200,1252,
2025-11-13T00:46:47.778220Z,https://expensemate.streamlit.app/,200,1277,
2025-11-13T00:46:48.944565Z,https://dark-store.streamlit.app/,200,1166,
2025-11-13T00:46:59.049174Z,https://pcrp.onrender.com/,FAILED,None,HTTPSConnectionPool(host='pcrp.onrender.com', port=443): Read timed out. (read timeout=10)
2025-11-13T02:28:12.221491Z,https://reconx.streamlit.app,200,1244,
2025-11-13T02:28:13.353710Z,https://expensemate.streamlit.app/,200,1132,
2025-11-13T02:28:14.531542Z,https://dark-store.streamlit.app/,200,1178,
2025-11-13T02:28:24.588317Z,https://pcrp.onrender.com/,FAILED,None,HTTPSConnectionPool(host='pcrp.onrender.com', port=443): Read timed out. (read timeout=10)
2025-11-13T03:34:29.211634Z,https://reconx.streamlit.app,200,1278,
2025-11-13T03:34:30.326601Z,https://expensemate.streamlit.app/,200,1115,
2025-11-13T03:34:31.544428Z,https://dark-store.streamlit.app/,200,1218,
2025-11-13T03:34:41.649894Z,https://pcrp.onrender.com/,FAILED,None,HTTPSConnectionPool(host='pcrp.onrender.com', port=443): Read timed out. (read timeout=10)
2025-11-13T04:01:49.075290Z,https://reconx.streamlit.app,200,1039,
2025-11-13T04:01:50.082746Z,https://expensemate.streamlit.app/,200,1007,
2025-11-13T04:01:51.207039Z,https://dark-store.streamlit.app/,200,1124,
2025-11-13T04:02:01.278803Z,https://pcrp.onrender.com/,FAILED,None,HTTPSConnectionPool(host='pcrp.onrender.com', port=443): Read timed out. (read timeout=10)
2025-11-13T04:36:39.967723Z,https://reconx.streamlit.app,200,1241,
2025-11-13T04:36:41.177971Z,https://expensemate.streamlit.app/,200,1210,
2025-11-13T04:36:42.252376Z,https://dark-store.streamlit.app/,200,1074,
2025-11-13T04:36:52.339804Z,https://pcrp.onrender.com/,FAILED,None,HTTPSConnectionPool(host='pcrp.onrender.com', port=443): Read timed out. (read timeout=10)
2025-11-13T04:50:52.734005Z,https://reconx.streamlit.app,200,1319,
2025-11-13T04:50:53.725268Z,https://expensemate.streamlit.app/,200,991,
2025-11-13T04:50:54.803008Z,https://dark-store.streamlit.app/,200,1078,
2025-11-13T04:50:54.994372Z,https://pcrp.onrender.com/,404,191,
2025-11-13T05:10:43.035721Z,https://reconx.streamlit.app,200,1202,
2025-11-13T05:10:44.259191Z,https://expensemate.streamlit.app/,200,1223,
2025-11-13T05:10:45.413033Z,https://dark-store.streamlit.app/,200,1154,
2025-11-13T05:10:55.536832Z,https://pcrp.onrender.com/,FAILED,None,HTTPSConnectionPool(host='pcrp.onrender.com', port=443): Read timed out. (read timeout=10)
2025-11-13T05:33:05.448115Z,https://reconx.streamlit.app,200,1153,
2025-11-13T05:33:06.378327Z,https://expensemate.streamlit.app/,200,930,
2025-11-13T05:33:07.437432Z,https://dark-store.streamlit.app/,200,1059,
2025-11-13T05:33:17.512078Z,https://pcrp.onrender.com/,FAILED,None,HTTPSConnectionPool(host='pcrp.onrender.com', port=443): Read timed out. (read timeout=10)
2025-11-13T05:49:17.376707Z,https://reconx.streamlit.app,200,1152,
2025-11-13T05:49:18.754873Z,https://expensemate.streamlit.app/,200,1378,
2025-11-13T05:49:19.892669Z,https://dark-store.streamlit.app/,200,1138,
2025-11-13T05:49:29.972050Z,https://pcrp.onrender.com/,FAILED,None,HTTPSConnectionPool(host='pcrp.onrender.com', port=443): Read timed out. (read timeout=10)
2025-11-13T06:15:54.800241Z,https://reconx.streamlit.app,200,1093,
2025-11-13T06:15:56.101809Z,https://expensemate.streamlit.app/,200,1301,
2025-11-13T06:15:57.897897Z,https://dark-store.streamlit.app/,200,1796,
2025-11-13T06:16:07.983262Z,https://pcrp.onrender.com/,FAILED,None,HTTPSConnectionPool(host='pcrp.onrender.com', port=443): Read timed out. (read timeout=10)
2025-11-13T06:48:43.834807Z,https://reconx.streamlit.app,200,1176,
2025-11-13T06:48:44.910202Z,https://expensemate.streamlit.app/,200,1075,
2025-11-13T06:48:46.056863Z,https://dark-store.streamlit.app/,200,1147,
2025-11-13T06:48:56.127375Z,https://pcrp.onrender.com/,FAILED,None,HTTPSConnectionPool(host='pcrp.onrender.com', port=443): Read timed out. (read timeout=10)
2025-11-13T07:10:51.391971Z,https://reconx.streamlit.app,200,1280,
2025-11-13T07:10:52.576185Z,https://expensemate.streamlit.app/,200,1184,
2025-11-13T07:10:53.681438Z,https://dark-store.streamlit.app/,200,1105,
2025-11-13T07:11:03.802680Z,https://pcrp.onrender.com/,FAILED,None,HTTPSConnectionPool(host='pcrp.onrender.com', port=443): Read timed out. (read timeout=10)
2025-11-13T07:29:28.103554Z,https://reconx.streamlit.app,200,1122,
2025-11-13T07:29:29.333021Z,https://expensemate.streamlit.app/,200,1229,
2025-11-13T07:29:30.350900Z,https://dark-store.streamlit.app/,200,1018,
2025-11-13T07:29:30.734204Z,https://pcrp.onrender.com/,404,383,
2025-11-13T07:39:45.285529Z,https://reconx.streamlit.app,200,1058,
2025-11-13T07:39:46.458614Z,https://expensemate.streamlit.app/,200,1173,
2025-11-13T07:39:47.573128Z,https://dark-store.streamlit.app/,200,1114,
2025-11-13T07:39:47.786645Z,https://pcrp.onrender.com/,404,213,
2025-11-13T07:46:43.377104Z,https://reconx.streamlit.app,200,1307,
2025-11-13T07:46:44.621849Z,https://expensemate.streamlit.app/,200,1245,
2025-11-13T07:46:45.772291Z,https://dark-store.streamlit.app/,200,1150,
2025-11-13T07:46:45.960476Z,https://pcrp.onrender.com/,404,188,
2025-11-13T08:13:57.533608Z,https://reconx.streamlit.app,200,1205,
2025-11-13T08:13:58.586866Z,https://expensemate.streamlit.app/,200,1053,
2025-11-13T08:13:59.494213Z,https://dark-store.streamlit.app/,200,907,
2025-11-13T08:14:09.578022Z,https://pcrp.onrender.com/,FAILED,None,HTTPSConnectionPool(host='pcrp.onrender.com', port=443): Read timed out. (read timeout=10)
2025-11-13T08:42:11.103710Z,https://reconx.streamlit.app,200,1098,
2025-11-13T08:42:12.202346Z,https://expensemate.streamlit.app/,200,1098,
2025-11-13T08:42:13.355366Z,https://dark-store.streamlit.app/,200,1153,
2025-11-13T08:42:23.412280Z,https://pcrp.onrender.com/,FAILED,None,HTTPSConnectionPool(host='pcrp.onrender.com', port=443): Read timed out. (read timeout=10)
2025-11-13T08:55:40.617700Z,https://reconx.streamlit.app,200,1085,
2025-11-13T08:55:41.684152Z,https://expensemate.streamlit.app/,200,1066,
2025-11-13T08:55:42.835663Z,https://dark-store.streamlit.app/,200,1151,
2025-11-13T08:55:43.177019Z,https://pcrp.onrender.com/,404,341,
2025-11-13T09:13:01.329516Z,https://reconx.streamlit.app,200,1151,
2025-11-13T09:13:02.440040Z,https://expensemate.streamlit.app/,200,1110,
2025-11-13T09:13:03.501520Z,https://dark-store.streamlit.app/,200,1061,
2025-11-13T09:13:03.695689Z,https://pcrp.onrender.com/,404,194,
2025-11-13T09:34:23.383756Z,https://reconx.streamlit.app,200,1112,
2025-11-13T09:34:24.426244Z,https://expensemate.streamlit.app/,200,1042,
2025-11-13T09:34:25.538646Z,https://dark-store.streamlit.app/,200,1112,
2025-11-13T09:34:35.648795Z,https://pcrp.onrender.com/,FAILED,None,HTTPSConnectionPool(host='pcrp.onrender.com', port=443): Read timed out. (read timeout=10)
2025-11-13T09:49:30.534492Z,https://reconx.streamlit.app,200,1427,
2025-11-13T09:49:31.582799Z,https://expensemate.streamlit.app/,200,1048,
2025-11-13T09:49:32.552060Z,https://dark-store.streamlit.app/,200,969,
2025-11-13T09:49:32.762000Z,https://pcrp.onrender.com/,404,210,
2025-11-13T10:11:47.315824Z,https://reconx.streamlit.app,200,1421,
2025-11-13T10:11:48.611540Z,https://expensemate.streamlit.app/,200,1296,
2025-11-13T10:11:49.918521Z,https://dark-store.streamlit.app/,200,1307,
2025-11-13T10:11:50.153184Z,https://pcrp.onrender.com/,404,234,
2025-11-13T10:37:17.943295Z,https://reconx.streamlit.app,200,1258,
2025-11-13T10:37:19.180827Z,https://expensemate.streamlit.app/,200,1237,
2025-11-13T10:37:20.200753Z,https://dark-store.streamlit.app/,200,1020,
2025-11-13T10:37:30.311622Z,https://pcrp.onrender.com/,FAILED,None,HTTPSConnectionPool(host='pcrp.onrender.com', port=443): Read timed out. (read timeout=10)
2025-11-13T10:51:47.037902Z,https://reconx.streamlit.app,200,1096,
2025-11-13T10:51:48.171588Z,https://expensemate.streamlit.app/,200,1134,
2025-11-13T10:51:49.255580Z,https://dark-store.streamlit.app/,200,1084,
2025-11-13T10:51:49.444710Z,https://pcrp.onrender.com/,404,189,
2025-11-13T11:09:34.222253Z,https://reconx.streamlit.app,200,1069,
2025-11-13T11:09:35.146278Z,https://expensemate.streamlit.app/,200,924,
2025-11-13T11:09:36.077436Z,https://dark-store.streamlit.app/,200,931,
2025-11-13T11:09:36.272958Z,https://pcrp.onrender.com/,404,195,
2025-11-13T11:27:22.531870Z,https://reconx.streamlit.app,200,1063,
2025-11-13T11:27:23.507433Z,https://expensemate.streamlit.app/,200,975,
2025-11-13T11:27:24.640592Z,https://dark-store.streamlit.app/,200,1133,
2025-11-13T11:27:24.803667Z,https://pcrp.onrender.com/,404,163,
2025-11-13T11:37:18.290480Z,https://reconx.streamlit.app,200,1166,
2025-11-13T11:37:19.365635Z,https://expensemate.streamlit.app/,200,1075,
2025-11-13T11:37:20.380771Z,https://dark-store.streamlit.app/,200,1015,
2025-11-13T11:37:20.624373Z,https://pcrp.onrender.com/,404,243,
2025-11-13T11:46:00.152501Z,https://reconx.streamlit.app,200,1218,
2025-11-13T11:46:01.208614Z,https://expensemate.streamlit.app/,200,1056,
2025-11-13T11:46:02.559564Z,https://dark-store.streamlit.app/,200,1351,
2025-11-13T11:46:02.690259Z,https://pcrp.onrender.com/,404,131,
2025-11-13T12:19:29.465881Z,https://reconx.streamlit.app,200,1207,
2025-11-13T12:19:30.558388Z,https://expensemate.streamlit.app/,200,1092,
2025-11-13T12:19:31.592035Z,https://dark-store.streamlit.app/,200,1033,
2025-11-13T12:19:41.712172Z,https://pcrp.onrender.com/,FAILED,None,HTTPSConnectionPool(host='pcrp.onrender.com', port=443): Read timed out. (read timeout=10)
2025-11-13T13:06:13.594102Z,https://reconx.streamlit.app,200,1107,
2025-11-13T13:06:14.766617Z,https://expensemate.streamlit.app/,200,1172,
2025-11-13T13:06:15.757185Z,https://dark-store.streamlit.app/,200,990,
2025-11-13T13:06:16.021997Z,https://pcrp.onrender.com/,404,265,
2025-11-13T13:43:01.618766Z,https://reconx.streamlit.app,200,1152,
2025-11-13T13:43:02.642835Z,https://expensemate.streamlit.app/,200,1024,
2025-11-13T13:43:03.787078Z,https://dark-store.streamlit.app/,200,1144,
2025-11-13T13:43:13.887155Z,https://pcrp.onrender.com/,FAILED,None,HTTPSConnectionPool(host='pcrp.onrender.com', port=443): Read timed out. (read timeout=10)
2025-11-13T13:53:59.735942Z,https://reconx.streamlit.app,200,1206,
2025-11-13T13:54:00.760169Z,https://expensemate.streamlit.app/,200,1024,
2025-11-13T13:54:01.887380Z,https://dark-store.streamlit.app/,200,1127,
2025-11-13T13:54:02.071955Z,https://pcrp.onrender.com/,404,184,
2025-11-13T14:10:16.069423Z,https://reconx.streamlit.app,200,1243,
2025-11-13T14:10:17.203530Z,https://expensemate.streamlit.app/,200,1134,
2025-11-13T14:10:18.271113Z,https://dark-store.streamlit.app/,200,1067,
2025-11-13T14:10:18.717364Z,https://pcrp.onrender.com/,404,446,
2025-11-13T14:31:03.873010Z,https://reconx.streamlit.app,200,1261,
2025-11-13T14:31:04.852858Z,https://expensemate.streamlit.app/,200,980,
2025-11-13T14:31:05.905887Z,https://dark-store.streamlit.app/,200,1053,
2025-11-13T14:31:15.975975Z,https://pcrp.onrender.com/,FAILED,None,HTTPSConnectionPool(host='pcrp.onrender.com', port=443): Read timed out. (read timeout=10)
2025-11-13T14:47:23.034471Z,https://reconx.streamlit.app,200,1113,
2025-11-13T14:47:24.056590Z,https://expensemate.streamlit.app/,200,1022,
2025-11-13T14:47:25.125083Z,https://dark-store.streamlit.app/,200,1068,
2025-11-13T14:47:25.531676Z,https://pcrp.onrender.com/,404,406,
2025-11-13T15:12:05.773731Z,https://reconx.streamlit.app,200,1168,
2025-11-13T15:12:07.076434Z,https://expensemate.streamlit.app/,200,1303,
2025-11-13T15:12:08.300033Z,https://dark-store.streamlit.app/,200,1224,
2025-11-13T15:12:18.364330Z,https://pcrp.onrender.com/,FAILED,None,HTTPSConnectionPool(host='pcrp.onrender.com', port=443): Read timed out. (read timeout=10)
